Code,English title,US broadcast,Japan broadcast,Time between
EP001,Pokémon - I Choose You!,September 8. 1998,April 1. 1997,525
EP002,Pokémon Emergency!,September 9. 1998,April 8. 1997,519
EP003,Ash Catches a Pokémon,September 10. 1998,April 15. 1997,513
EP004,Challenge of the Samurai,September 11. 1998,April 22. 1997,507
EP005,Showdown in Pewter City,September 14. 1998,April 29. 1997,503
EP006,Clefairy and the Moon Stone,September 15. 1998,May 6. 1997,497
EP007,The Water Flowers of Cerulean City,September 16. 1998,May 13. 1997,491
EP008,The Path to the Pokémon League,September 17. 1998,May 20. 1997,485
EP009,The School of Hard Knocks,September 18. 1998,May 27. 1997,479
EP010,Bulbasaur and the Hidden Village,September 21. 1998,June 3. 1997,475
EP011,Charmander - The Stray Pokémon,September 22. 1998,June 10. 1997,469
EP012,Here Comes the Squirtle Squad,September 23. 1998,June 17. 1997,463
EP013,Mystery at the Lighthouse,September 24. 1998,June 24. 1997,457
EP014,Electric Shock Showdown,September 25. 1998,July 1. 1997,451
EP015,Battle Aboard the St. Anne,September 7. 1998,July 8. 1997,426
EP016,Pokémon Shipwreck,September 29. 1998,July 8. 1997,448
EP017,Island of the Giant Pokémon,September 30. 1998,July 22. 1997,435
EP018,Beauty and the Beach,June 24. 2000,July 29. 1997,1061
EP019,Tentacool & Tentacruel,October 1. 1998,August 5. 1997,422
EP020,The Ghost of Maiden's Peak,October 2. 1998,August 12. 1997,416
EP021,Bye Bye Butterfree,October 5. 1998,August 19. 1997,412
EP022,Abra and the Psychic Showdown,October 6. 1998,August 26. 1997,406
EP023,The Tower of Terror,October 7. 1998,September 2. 1997,400
EP024,Haunter versus Kadabra,October 8. 1998,September 9. 1997,394
EP025,Primeape Goes Bananas,October 9. 1998,September 16. 1997,388
EP026,Pokémon Scent-sation!,October 12. 1998,September 23. 1997,384
EP027,Hypno's Naptime,October 13. 1998,September 30. 1997,378
EP028,Pokémon Fashion Flash,October 14. 1998,October 7. 1997,372
EP029,The Punchy Pokémon,October 15. 1998,October 14. 1997,366
EP030,Sparks Fly for Magnemite,October 16. 1998,October 21. 1997,360
EP031,Dig Those Diglett!,October 19. 1998,October 28. 1997,356
EP032,The Ninja Poké-Showdown,October 20. 1998,November 4. 1997,350
EP033,The Flame Pokémon-athon!,October 21. 1998,November 11. 1997,344
EP034,The Kangaskhan Kid,October 22. 1998,November 18. 1997,338
EP035,The Legend of Miniryu,Unaired,November 25. 1997,6735
EP036,The Bridge Bike Gang,October 23. 1998,December 2. 1997,325
EP037,Ditto's Mysterious Mansion,October 26. 1998,December 9. 1997,321
EP038,Computer Warrior Porygon,Unaired,December 16. 1997,6714
EP039,Pikachu's Goodbye,November 20. 1998,April 16. 1998,218
EP040,The Battling Eevee Brothers,October 27. 1998,April 16. 1998,194
EP041,Wake Up Snorlax!,October 28. 1998,April 23. 1998,188
EP042,Showdown at Dark City,October 29. 1998,April 30. 1998,182
EP043,The March of the Exeggutor Squad,October 30. 1998,May 7. 1998,176
EP044,The Problem with Paras,February 13. 1999,May 14. 1998,275
EP045,The Song of Jigglypuff,February 20. 1999,May 21. 1998,275
EP046,Attack of the Prehistoric Pokémon,February 27. 1999,May 28. 1998,275
EP047,A Chansey Operation,March 6. 1999,June 4. 1998,275
EP048,Holy Matrimony!,March 13. 1999,June 11. 1998,275
EP049,So Near. Yet So Farfetch'd,March 20. 1999,June 18. 1998,275
EP050,Who Gets to Keep Togepi?,March 27. 1999,June 25. 1998,275
EP051,Bulbasaur's Mysterious Garden,April 3. 1999,July 2. 1998,275
EP052,Princess vs. Princess,September 4. 1999,July 9. 1998,422
EP053,The Purr-fect Hero,September 11. 1999,July 9. 1998,429
EP054,The Case of the K-9 Caper!,April 10. 1999,July 16. 1998,268
EP055,Pokémon Paparazzi,April 17. 1999,July 23. 1998,268
EP056,The Ultimate Test,April 24. 1999,July 30. 1998,268
EP057,The Breeding Center Secret,May 1. 1999,August 6. 1998,268
EP058,Riddle Me This,September 18. 1999,August 13. 1998,401
EP059,Volcanic Panic,September 18. 1999,August 20. 1998,394
EP060,Beach Blank-Out Blastoise,September 20. 1999,August 27. 1998,389
EP061,The Misty Mermaid,September 23. 1999,September 3. 1998,385
EP062,Clefairy Tales,September 25. 1999,September 10. 1998,380
EP063,The Battle of the Badge,September 25. 1999,September 17. 1998,373
EP064,It's Mr. Mime Time,September 27. 1999,September 24. 1998,368
EP065,Showdown at the Po-ké Corral,September 30. 1999,October 8. 1998,357
EP066,The Evolution Solution,October 2. 1999,October 8. 1998,359
EP067,The Pi-Kahuna,October 2. 1999,October 22. 1998,345
EP068,Make Room for Gloom,October 4. 1999,October 29. 1998,340
EP069,Lights. Camera. Quack-tion,October 8. 1999,November 5. 1998,337
EP070,Go West Young Meowth,October 9. 1999,November 12. 1998,331
EP071,To Master the Onixpected!,October 11. 1999,November 19. 1998,326
EP072,The Ancient Puzzle of Pokémopolis,October 14. 1999,November 26. 1998,322
EP073,Bad to the Bone,October 16. 1999,December 3. 1998,317
EP074,All Fired Up!,October 23. 1999,December 10. 1998,317
EP075,Round One - Begin!,October 30. 1999,December 17. 1998,317
EP076,Fire and Ice,November 6. 1999,December 24. 1998,317
EP077,The Fourth Round Rumble,November 13. 1999,January 1. 1999,316
EP078,A Friend In Deed,November 20. 1999,January 7. 1999,317
EP079,Friend and Foe Alike,November 27. 1999,January 14. 1999,317
EP080,Friends to the End,November 27. 1999,January 21. 1999,310
EP081,Pallet Party Panic,December 4. 1999,January 28. 1999,310
EP082,A Scare in the Air,January 8. 2000,February 4. 1999,338
EP083,Poké Ball Peril,January 15. 2000,February 11. 1999,338
EP084,The Lost Lapras,January 22. 2000,February 18. 1999,338
EP085,Fit to be Tide,February 5. 2000,February 25. 1999,345
EP086,Pikachu Re-Volts,February 5. 2000,March 4. 1999,338
EP087,The Crystal Onix,February 5. 2000,March 11. 1999,331
EP088,In the Pink,February 12. 2000,March 18. 1999,331
EP089,Shell Shock!,March 4. 2000,March 25. 1999,345
EP090,Stage Fight!,February 12. 2000,April 1. 1999,317
EP091,Bye Bye Psyduck,February 26. 2000,April 8. 1999,324
EP092,The Joy of Pokémon,March 4. 2000,April 15. 1999,324
EP093,Navel Maneuvers,March 11. 2000,April 22. 1999,324
EP094,Snack Attack,March 25. 2000,April 29. 1999,331
EP095,A Shipful of Shivers,March 25. 2000,May 6. 1999,324
EP096,Meowth Rules!,March 25. 2000,May 13. 1999,317
EP097,Tracey Gets Bugged,April 1. 2000,May 20. 1999,317
EP098,A Way Off Day Off,April 8. 2000,May 27. 1999,317
EP099,The Mandarin Island Miss Match,April 15. 2000,June 3. 1999,317
EP100,Wherefore Art Thou. Pokémon?,April 22. 2000,June 10. 1999,317
EP101,Get Along. Little Pokémon,April 29. 2000,June 17. 1999,317
EP102,The Mystery Menace,May 6. 2000,June 24. 1999,317
EP103,Misty Meets Her Match,September 9. 2000,July 1. 1999,436
EP104,Bound For Trouble,September 15. 2000,July 15. 1999,428
EP105,Charizard Chills,September 2. 2000,July 22. 1999,408
EP106,The Pokémon Water War,August 26. 2000,July 29. 1999,394
EP107,Pokémon Food Fight!,August 19. 2000,August 5. 1999,380
EP108,Pokémon Double Trouble,September 9. 2000,August 12. 1999,394
EP109,The Wacky Watcher!,September 16. 2000,August 19. 1999,394
EP110,The Stun Spore Detour,September 16. 2000,August 26. 1999,387
EP111,Hello. Pummelo!,September 23. 2000,September 2. 1999,387
EP112,Enter The Dragonite,September 23. 2000,September 9. 1999,380
EP113,Viva Las Lapras,September 30. 2000,September 16. 1999,380
EP114,The Underground Round Up,September 30. 2000,September 23. 1999,373
EP115,A Tent Situation,October 7. 2000,September 30. 1999,373
EP116,The Rivalry Revival,October 14. 2000,October 7. 1999,373
EP117,Don't Touch That 'dile,October 14. 2000,October 14. 1999,366
EP118,The Double Trouble Header,October 21. 2000,October 21. 1999,366
EP119,A Sappy Ending,October 28. 2000,October 28. 1999,366
EP120,Roll On. Pokémon!,November 4. 2000,November 4. 1999,366
EP121,Illusion Confusion!,November 4. 2000,November 11. 1999,359
EP122,Flower Power,November 11. 2000,November 18. 1999,359
EP123,Spinarak Attack,November 11. 2000,November 25. 1999,352
EP124,Snubbull Snobbery,November 18. 2000,December 2. 1999,352
EP125,The Little Big Horn,November 18. 2000,December 9. 1999,345
EP126,The Chikorita Rescue,November 25. 2000,December 16. 1999,345
EP127,Once in a Blue Moon,December 2. 2000,December 23. 1999,345
EP128,The Whistle Stop,December 2. 2000,January 1. 2000,336
EP129,Ignorance is Blissey,December 9. 2000,January 6. 2000,338
EP130,A Bout With Sprout,December 16. 2000,January 13. 2000,338
EP131,Fighting Flyer with Fire,December 16. 2000,January 20. 2000,331
EP132,For Crying Out Loud,January 20. 2001,January 27. 2000,359
EP133,Tanks a Lot!,January 27. 2001,February 3. 2000,359
EP134,Charizard's Burning Ambitions,February 3. 2001,February 10. 2000,359
EP135,Grin to Win!,February 10. 2001,February 17. 2000,359
EP136,Chikorita's Big Upset,January 20. 2001,February 24. 2000,331
EP137,Foul Weather Friends,February 10. 2001,March 2. 2000,345
EP138,The Superhero Secret,February 17. 2001,March 9. 2000,345
EP139,Mild 'n Wooly,February 17. 2001,March 16. 2000,338
EP140,Wired for Battle!,February 24. 2001,March 23. 2000,338
EP141,Good 'Quil Hunting,March 3. 2001,March 30. 2000,338
EP142,A Shadow of a Drought,March 3. 2001,April 6. 2000,331
EP143,Going Apricorn!,March 10. 2001,April 13. 2000,331
EP144,Gettin' The Bugs Out,March 17. 2001,April 20. 2000,331
EP145,A Farfetch'd Tale,March 17. 2001,April 27. 2000,324
EP146,Tricks of the Trade,March 24. 2001,May 4. 2000,324
EP147,The Fire-ing Squad!,April 21. 2001,May 11. 2000,345
EP148,No Big Woop!,March 31. 2001,May 18. 2000,317
EP149,Tunnel Vision,April 7. 2001,May 25. 2000,317
EP150,Hour of the Houndour,April 14. 2001,June 1. 2000,317
EP151,The Totodile Duel,May 5. 2001,June 8. 2000,331
EP152,Hot Matches!,May 12. 2001,June 15. 2000,331
EP153,Love. Totodile Style,May 26. 2001,June 22. 2000,338
EP154,Fowl Play!,April 28. 2001,June 29. 2000,303
EP155,Forest Grumps,June 2. 2001,July 6. 2000,331
EP156,The Psychic Sidekicks!,August 11. 2001,July 13. 2000,394
EP157,The Fortune Hunters,May 19. 2001,July 27. 2000,296
EP158,A Goldenrod Opportunity,August 18. 2001,August 3. 2000,380
EP159,A Dairy Tale Ending,August 18. 2001,August 10. 2000,373
EP160,Air Time!,September 8. 2001,August 17. 2000,387
EP161,The Bug Stops Here,August 25. 2001,August 24. 2000,366
EP162,Type Casting,September 1. 2001,August 31. 2000,366
EP163,Fossil Fools,September 15. 2001,September 7. 2000,373
EP164,Carrying On!,September 22. 2001,September 14. 2000,373
EP165,Hassle in the Castle,September 29. 2001,September 21. 2000,373
EP166,Two Hits and a Miss,September 15. 2001,September 28. 2000,352
EP167,A Hot Water Battle,September 22. 2001,October 5. 2000,352
EP168,Hook. Line. and Stinker,September 29. 2001,October 12. 2000,352
EP169,Beauty and the Breeder,October 6. 2001,October 19. 2000,352
EP170,A Better Pill to Swallow,October 13. 2001,October 26. 2000,352
EP171,Power Play!,October 20. 2001,November 2. 2000,352
EP172,Mountain Time,October 20. 2001,November 9. 2000,345
EP173,Wobbu-Palooza!,October 27. 2001,November 16. 2000,345
EP174,Imitation Confrontation,October 27. 2001,November 23. 2000,338
EP175,The Trouble With Snubbull,November 3. 2001,November 30. 2000,338
EP176,Ariados. Amigos,November 17. 2001,December 7. 2000,345
EP177,Wings 'N' Things,November 17. 2001,December 14. 2000,338
EP178,The Grass Route,November 3. 2001,December 21. 2000,317
EP179,The Apple Corp!,December 1. 2001,January 4. 2001,331
EP180,Houndoom's Special Delivery,December 1. 2001,January 11. 2001,324
EP181,A Ghost of a Chance,November 10. 2001,January 18. 2001,296
EP182,From Ghost to Ghost,November 10. 2001,January 25. 2001,289
EP183,Trouble's Brewing,December 8. 2001,February 1. 2001,310
EP184,All That Glitters!,December 15. 2001,February 8. 2001,310
EP185,The Light Fantastic,December 15. 2001,February 15. 2001,303
EP186,UnBEARable,January 19. 2002,February 22. 2001,331
EP187,Moving Pictures,January 26. 2002,March 1. 2001,331
EP188,Spring Fever,February 2. 2002,March 8. 2001,331
EP189,Freeze Frame,February 9. 2002,March 15. 2001,331
EP190,The Stolen Stones!,February 16. 2002,March 22. 2001,331
EP191,The Dunsparce Deception,February 23. 2002,March 29. 2001,331
EP192,The Wayward Wobbuffet,March 2. 2002,April 5. 2001,331
EP193,Sick Daze,March 9. 2002,April 12. 2001,331
EP194,Ring Masters,March 16. 2002,April 19. 2001,331
EP195,The Poké Spokesman,March 23. 2002,April 26. 2001,331
EP196,Control Freak!,March 30. 2002,May 3. 2001,331
EP197,The Art Of Pokémon,April 6. 2002,May 10. 2001,331
EP198,The Heartbreak of Brock,April 13. 2002,May 17. 2001,331
EP199,Current Events,April 27. 2002,May 24. 2001,338
EP200,Turning Over A New Bayleef,May 4. 2002,May 31. 2001,338
EP201,Doin' What Comes Natu-rally,May 18. 2002,June 7. 2001,345
EP202,The Big Balloon Blow-Up,May 25. 2002,June 14. 2001,345
EP203,The Screen Actor's Guilt,June 1. 2002,June 21. 2001,345
EP204,Right on. Rhydon!,June 22. 2002,June 28. 2001,359
EP205,The Kecleon Caper,August 17. 2002,July 5. 2001,408
EP206,The Joy of Water Pokémon,August 24. 2002,July 12. 2001,408
EP207,Got Miltank?,August 31. 2002,July 19. 2001,408
EP208,Fight for the Light!,September 7. 2002,July 26. 2001,408
EP209,Machoke. Machoke Man!,September 7. 2002,August 2. 2001,401
EP210,Around the Whirlpool,September 14. 2002,August 9. 2001,401
EP211,Fly Me to the Moon,September 21. 2002,August 16. 2001,401
EP212,Takin' It on the Chinchou,September 28. 2002,August 23. 2001,401
EP213,A Corsola Caper!,October 5. 2002,August 30. 2001,401
EP214,Mantine Overboard!,October 12. 2002,September 6. 2001,401
EP215,Octillery The Outcast,October 19. 2002,September 13. 2001,401
EP216,Dueling Heroes,October 26. 2002,September 20. 2001,401
EP217,The Perfect Match!,November 2. 2002,September 27. 2001,401
EP218,Plant It Now... Diglett Later,November 9. 2002,October 4. 2001,401
EP219,Hi Ho Silver... Away!,November 16. 2002,October 11. 2001,401
EP220,The Mystery is History,November 23. 2002,October 18. 2001,401
EP221,A Parent Trapped!,November 30. 2002,October 25. 2001,401
EP222,A Promise is a Promise,December 7. 2002,November 1. 2001,401
EP223,Throwing in the Noctowl,December 14. 2002,November 8. 2001,401
EP224,Nerves of Steelix!,December 21. 2002,November 15. 2001,401
EP225,Bulbasaur... the Ambassador!,September 23. 2002,November 22. 2001,305
EP226,Espeon. Not Included,September 24. 2002,November 29. 2001,299
EP227,For Ho-Oh the Bells Toll!,September 25. 2002,December 6. 2001,293
EP228,Extreme Pokémon!,January 4. 2003,December 13. 2001,387
EP229,An EGG-sighting Adventure!,January 11. 2003,December 20. 2001,387
EP230,Hatching a Plan,January 18. 2003,December 27. 2001,387
EP231,Dues and Don'ts,January 25. 2003,January 10. 2002,380
EP232,Just Waiting On a Friend,September 26. 2002,January 17. 2002,252
EP233,A Tyrogue Full of Trouble,February 1. 2003,January 24. 2002,373
EP234,Xatu the Future,February 8. 2003,January 31. 2002,373
EP235,Talkin' 'Bout an Evolution,February 15. 2003,February 7. 2002,373
EP236,Rage of Innocence,February 22. 2003,February 14. 2002,373
EP237,As Cold as Pryce,March 1. 2003,February 21. 2002,373
EP238,Nice Pryce. Baby!,March 8. 2003,February 28. 2002,373
EP239,Whichever Way the Wind Blows,March 22. 2003,March 7. 2002,380
EP240,Some Like it Hot,March 29. 2003,March 14. 2002,380
EP241,Hocus Pokémon,April 5. 2003,March 21. 2002,380
EP242,As Clear as Crystal,April 12. 2003,March 28. 2002,380
EP243,Same Old Song and Dance,April 19. 2003,April 11. 2002,373
EP244,Enlighten Up!,April 26. 2003,April 18. 2002,373
EP245,Will the Real Oak Please Stand Up?,September 27. 2002,April 25. 2002,155
EP246,Wish Upon a Star Shape,May 3. 2003,May 2. 2002,366
EP247,Outrageous Fortunes,May 10. 2003,May 9. 2002,366
EP248,One Trick Phony!,May 17. 2003,May 16. 2002,366
EP249,I Politoed Ya So!,May 24. 2003,May 23. 2002,366
EP250,The Ice Cave!,Unaired,May 30. 2002,5088
EP251,Beauty is Skin Deep,May 31. 2003,June 6. 2002,359
EP252,Fangs for Nothin',June 7. 2003,June 13. 2002,359
EP253,Great Bowls of Fire!,June 14. 2003,June 20. 2002,359
EP254,Better Eight Than Never,June 21. 2003,June 27. 2002,359
EP255,Why? Wynaut!,June 28. 2003,July 4. 2002,359
EP256,Just Add Water,July 12. 2003,July 11. 2002,366
EP257,Lapras of Luxury,July 26. 2003,July 18. 2002,373
EP258,Hatch Me If You Can,August 9. 2003,July 25. 2002,380
EP259,Entei at Your Own Risk,August 16. 2003,August 1. 2002,380
EP260,A Crowning Achievement,August 23. 2003,August 8. 2002,380
EP261,Here's Lookin' at You. Elekid,August 30. 2003,August 15. 2002,380
EP262,You're a Star. Larvitar!,September 6. 2003,August 22. 2002,380
EP263,Address Unown!,September 13. 2003,August 29. 2002,380
EP264,Mother of All Battles,September 15. 2003,September 5. 2002,375
EP265,Pop Goes The Sneasel,September 16. 2003,September 12. 2002,369
EP266,A Claim to Flame!,September 17. 2003,September 19. 2002,363
EP267,Love. Pokémon Style,September 18. 2003,September 26. 2002,357
EP268,Tie One On!,September 19. 2003,October 3. 2002,351
EP269,The Ties That Bind,September 20. 2003,October 10. 2002,345
EP270,Can't Beat the Heat!,September 27. 2003,October 17. 2002,345
EP271,Playing with Fire!,October 4. 2003,October 24. 2002,345
EP272,Johto Photo Finish,October 11. 2003,October 31. 2002,345
EP273,Gotta Catch Ya Later!,October 18. 2003,November 7. 2002,345
EP274,Hoenn Alone!,October 25. 2003,November 14. 2002,345
AG001,Get the Show on the Road!,March 15. 2003,November 21. 2002,114
AG002,A Ruin with a View,March 15. 2003,November 28. 2002,107
AG003,There's no Place Like Hoenn,November 15. 2003,December 5. 2002,345
AG004,You Never Can Taillow,November 22. 2003,December 12. 2002,345
AG005,In the Knicker of Time!,November 22. 2003,December 19. 2002,338
AG006,A Poached Ego!,November 29. 2003,December 26. 2002,338
AG007,Tree's a Crowd,November 29. 2003,January 9. 2003,324
AG008,A Tail with a Twist,December 6. 2003,January 16. 2003,324
AG009,Taming of the Shroomish,December 6. 2003,January 23. 2003,317
AG010,You Said a Mouthful!,December 13. 2003,January 30. 2003,317
AG011,A Bite to Remember,December 13. 2003,February 6. 2003,310
AG012,The Lotad Lowdown,December 20. 2003,February 13. 2003,310
AG013,All Things Bright and Beautifly!,December 27. 2003,February 20. 2003,310
AG014,All in a Day's Wurmple,January 3. 2004,February 27. 2003,310
AG015,Gonna Rule The School!,January 10. 2004,March 6. 2003,310
AG016,The Winner by a Nosepass,January 10. 2004,March 13. 2003,303
AG017,Stairway to Devon,January 17. 2004,March 20. 2003,303
AG018,On a Wingull and a Prayer!,January 24. 2004,March 27. 2003,303
AG019,Sharpedo Attack!,January 31. 2004,April 3. 2003,303
AG020,Brave the Wave,February 7. 2004,April 10. 2003,303
AG021,Which Wurmple's Which?,February 14. 2004,April 17. 2003,303
AG022,A Hole Lotta Trouble,February 14. 2004,April 24. 2003,296
AG023,Gone Corphishin',February 21. 2004,May 1. 2003,296
AG024,A Corphish Out of Water,February 28. 2004,May 8. 2003,296
AG025,A Mudkip Mission,March 13. 2004,May 15. 2003,303
AG026,Turning Over a Nuzleaf,April 3. 2004,May 22. 2003,317
AG027,A Three Team Scheme!,April 17. 2004,May 29. 2003,324
AG028,Seeing is Believing!,April 24. 2004,June 5. 2003,324
AG029,Ready. Willing. and Sableye,May 1. 2004,June 12. 2003,324
AG030,A Meditite Fight!,May 8. 2004,June 19. 2003,324
AG031,Just One of the Geysers,May 15. 2004,June 26. 2003,324
AG032,Abandon Ship!,May 15. 2004,July 3. 2003,317
AG033,Now That's Flower Power!,May 22. 2004,July 10. 2003,317
AG034,Having a Wailord of a Time,May 22. 2004,July 17. 2003,310
AG035,Win. Lose or Drew!,May 29. 2004,July 24. 2003,310
AG036,The Spheal of Approval,May 29. 2004,July 31. 2003,303
AG037,Jump for Joy!,August 27. 2004,August 7. 2003,386
AG038,A Different Kind of Misty!,August 27. 2004,August 14. 2003,379
AG039,A Poké-BLOCK Party!,September 4. 2004,August 21. 2003,380
AG040,Watt's with Wattson?,September 4. 2004,August 28. 2003,373
AG041,What You Seed is What You Get,September 11. 2004,September 4. 2003,373
AG042,Love at First Flight,October 16. 2004,September 11. 2003,401
AG043,Let Bagons Be Bagons,September 18. 2004,September 18. 2003,366
AG044,The Princess and the Togepi,September 25. 2004,September 25. 2003,366
AG045,A Togepi Mirage!,October 2. 2004,October 2. 2003,366
AG046,Candid Camerupt!,October 9. 2004,October 9. 2003,366
AG047,I Feel Skitty!,October 23. 2004,October 16. 2003,373
AG048,ZigZag Zangoose!,October 23. 2004,October 23. 2003,366
AG049,Maxxed Out!,October 30. 2004,October 30. 2003,366
AG050,Pros and Con Artists,October 30. 2004,November 6. 2003,359
AG051,Come What May!,November 6. 2004,November 13. 2003,359
AG052,Cheer Pressure,November 6. 2004,November 20. 2003,352
AG053,Game Winning Assist,November 13. 2004,November 27. 2003,352
AG054,Fight for the Meteorite!,November 13. 2004,December 4. 2003,345
AG055,Poetry Commotion!,November 20. 2004,December 11. 2003,345
AG056,Going. Going. Yawn,November 20. 2004,December 18. 2003,338
AG057,Going for a Spinda,November 27. 2004,December 25. 2003,338
AG058,All Torkoal. No Play,November 27. 2004,January 8. 2004,324
AG059,Manectric Charge,December 4. 2004,January 15. 2004,324
AG060,Delcatty Got Your Tongue,December 4. 2004,January 22. 2004,317
AG061,Disaster of Disguise,December 11. 2004,January 29. 2004,317
AG062,Disguise Da Limit,December 11. 2004,February 5. 2004,310
AG063,Take the Lombre Home,January 29. 2005,February 12. 2004,352
AG064,True Blue Swablu,February 5. 2005,February 19. 2004,352
AG065,Gulpin it Down,February 12. 2005,February 26. 2004,352
AG066,Exploud and Clear!,February 19. 2005,March 4. 2004,352
AG067,Go Go Ludicolo!,February 26. 2005,March 11. 2004,352
AG068,A Double Dilemma,March 5. 2005,March 18. 2004,352
AG069,Love. Petalburg Style!,March 12. 2005,March 25. 2004,352
AG070,Balance of Power,March 19. 2005,April 1. 2004,352
AG071,A Six Pack Attack!,March 26. 2005,April 8. 2004,352
AG072,The Bicker the Better,April 2. 2005,April 15. 2004,352
AG073,Grass Hysteria!,April 9. 2005,April 22. 2004,352
AG074,Hokey Poké Balls!,April 16. 2005,April 29. 2004,352
AG075,Whiscash and Ash,April 23. 2005,May 6. 2004,352
AG076,Me. Myself and Time,April 30. 2005,May 13. 2004,352
AG077,A Fan with a Plan,May 7. 2005,May 20. 2004,352
AG078,Cruisin' for a Losin',May 14. 2005,May 27. 2004,352
AG079,Pearls are a Spoink's Best Friend,May 21. 2005,June 3. 2004,352
AG080,That's Just Swellow,May 28. 2005,June 10. 2004,352
AG081,Take This House and Shuppet,June 4. 2005,June 17. 2004,352
AG082,A Shroomish Skirmish,June 11. 2005,June 24. 2004,352
AG083,Unfair Weather Friends,June 18. 2005,July 1. 2004,352
AG084,Who's Flying Now?,June 25. 2005,July 8. 2004,352
AG085,Sky High Gym Battle!,July 9. 2005,July 15. 2004,359
AG086,Lights. Camerupt. Action!,July 16. 2005,July 22. 2004,359
AG087,Crazy as a Lunatone,August 20. 2005,July 29. 2004,387
AG088,The Garden of Eatin',August 27. 2005,August 5. 2004,387
AG089,A Scare to Remember!,September 3. 2005,August 12. 2004,387
AG090,Pokéblock. Stock. and Berry,September 3. 2005,August 19. 2004,380
AG091,Lessons in Lilycove,September 10. 2005,August 26. 2004,380
AG092,Judgment Day!,September 10. 2005,September 2. 2004,373
AG093,Clamperl of Wisdom,September 17. 2005,September 9. 2004,373
AG094,The Relicanth Really Can,September 24. 2005,September 16. 2004,373
AG095,The Evolutionary War,October 1. 2005,September 23. 2004,373
AG096,Training Wrecks,October 8. 2005,September 30. 2004,373
AG097,Gaining Groudon,October 15. 2005,October 7. 2004,373
AG098,The Scuffle of Legends,October 22. 2005,October 14. 2004,373
AG099,It's Still Rocket Roll to Me!,October 29. 2005,October 21. 2004,373
AG100,Solid as a Solrock,November 5. 2005,October 28. 2004,373
AG102,Where's Armaldo?,November 19. 2005,November 11. 2004,373
AG103,A Cacturne for the Worse,November 26. 2005,November 18. 2004,373
AG104,Claydol Big and Tall,December 3. 2005,November 25. 2004,373
AG105,Once in a Mawile,December 10. 2005,December 2. 2004,373
AG106,Beg. Burrow and Steal,December 17. 2005,December 9. 2004,373
AG107,Absol-ute Disaster,January 7. 2006,December 16. 2004,387
AG108,Let it Snow. Let it Snow. Let it Snorunt!,January 14. 2006,December 23. 2004,387
AG109,Do I Hear a Ralts?,January 21. 2006,January 6. 2005,380
AG110,The Great Eight Fate!,January 28. 2006,January 13. 2005,380
AG111,Eight Ain't Enough,January 28. 2006,January 20. 2005,373
AG112,Showdown At Linoone,February 4. 2006,January 27. 2005,373
AG113,Who. What. When. Where. Wynaut?,February 4. 2006,February 3. 2005,366
AG114,Date Expectations,April 1. 2006,February 10. 2005,415
AG115,Mean With Envy,April 1. 2006,February 17. 2005,408
AG116,Pacifidlog Jam,April 8. 2006,February 24. 2005,408
AG117,Berry. Berry Interesting,February 11. 2006,March 3. 2005,345
AG118,Less is Morrison,February 11. 2006,March 10. 2005,338
AG119,The Ribbon Cup Caper,February 18. 2006,March 17. 2005,338
AG120,Satoshi and Haruka! Heated Battles of H?en!!,Unaired,March 24. 2005,4059
AG121,Hi Ho Silver Wind!,February 18. 2006,April 7. 2005,317
AG122,Deceit and Assist,February 25. 2006,April 7. 2005,324
AG123,Rhapsody in Drew,February 25. 2006,April 7. 2005,324
AG124,Island Time,March 4. 2006,April 14. 2005,324
AG125,Like a Meowth to a Flame,March 11. 2006,April 28. 2005,317
AG126,Saved by the Beldum,March 11. 2006,April 28. 2005,317
AG127,From Brags to Riches,March 11. 2006,May 5. 2005,310
AG128,Shocks and Bonds,March 18. 2006,May 12. 2005,310
AG129,A Judgment Brawl,March 18. 2006,May 19. 2005,303
AG130,Choose It or Lose It!,March 25. 2006,May 26. 2005,303
AG131,At the End of the Fray,March 25. 2006,June 16. 2005,282
AG132,The Scheme Team,April 8. 2006,June 23. 2005,289
AG133,The Right Place and the Right Mime,April 15. 2006,June 30. 2005,289
AG134,A Real Cleffa-Hanger,April 15. 2006,July 7. 2005,282
AG135,Numero Uno Articuno,April 22. 2006,July 21. 2005,275
AG136,The Symbol Life,April 22. 2006,July 28. 2005,268
AG137,Hooked on Onix,May 6. 2006,August 4. 2005,275
AG138,Rough. Tough Jigglypuff,May 13. 2006,August 11. 2005,275
AG139,On Cloud Arcanine,May 20. 2006,August 18. 2005,275
AG140,Sitting Psyduck,May 27. 2006,August 25. 2005,275
AG141,Hail to the Chef!,June 3. 2006,September 1. 2005,275
AG142,Caterpie's Big Dilemma,June 10. 2006,September 8. 2005,275
AG143,The Saffron Con,June 17. 2006,September 15. 2005,275
AG144,A Hurdle for Squirtle,June 24. 2006,September 22. 2005,275
AG145,Pasta La Vista!,July 8. 2006,September 29. 2005,282
AG146,Fear Factor Phony,September 8. 2006,October 6. 2005,337
AG147,Sweet Baby James,September 9. 2006,October 13. 2005,331
AG148,A Chip Off the Old Brock,September 16. 2006,October 20. 2005,331
AG149,Wheel of Frontier,September 16. 2006,October 27. 2005,324
AG150,May's Egg-Cellent Adventure,September 23. 2006,November 3. 2005,324
AG151,Weekend Warrior,September 23. 2006,November 10. 2005,317
AG152,On Olden Pond,September 30. 2006,November 17. 2005,317
AG153,Tactics Theatrics!!,September 30. 2006,November 24. 2005,310
AG154,Reversing the Charges,October 7. 2006,December 1. 2005,310
AG155,The Green Guardian,October 7. 2006,December 8. 2005,303
AG156,From Cradle to Save,October 14. 2006,December 15. 2005,303
AG157,Time Warp Heals All Wounds,October 14. 2006,December 22. 2005,296
AG158,Queen of the Serpentine!,October 21. 2006,January 5. 2006,289
AG159,Off the Unbeaten Path,October 21. 2006,January 12. 2006,282
AG160,Harley Rides Again,October 28. 2006,January 19. 2006,282
AG161,Odd Pokémon Out!,October 28. 2006,January 26. 2006,275
AG162,Spontaneous Combusken!,November 4. 2006,February 2. 2006,275
AG163,Cutting the Ties that Bind!,November 4. 2006,February 9. 2006,268
AG164,Ka Boom with a View!,November 11. 2006,February 16. 2006,268
AG165,King and Queen for a Day!,November 11. 2006,February 23. 2006,261
AG166,Curbing the Crimson Tide!,November 18. 2006,March 2. 2006,261
AG167,What I Did for Love!,November 18. 2006,March 9. 2006,254
AG168,Three Jynx and a Baby!,November 25. 2006,March 16. 2006,254
AG169,Talking a Good Game!,November 25. 2006,March 23. 2006,247
AG170,Second Time's the Charm!,November 27. 2006,March 30. 2006,242
AG171,Pokémon Ranger - Deoxys' Crisis! (Part One),October 28. 2006,April 13. 2006,198
AG172,Pokémon Ranger - Deoxys' Crisis! (Part Two),October 28. 2006,April 13. 2006,198
AG173,All That Glitters is Not Golden!,November 28. 2006,April 20. 2006,222
AG174,New Plot. Odd Lot!,November 29. 2006,April 27. 2006,216
AG175,Going for Choke!,November 30. 2006,May 4. 2006,210
AG176,The Ole' Berate and Switch!,December 4. 2006,May 11. 2006,207
AG177,Grating Spaces!,December 5. 2006,May 18. 2006,201
AG178,Battling the Enemy Within!,December 6. 2006,May 25. 2006,195
AG179,Slaking Kong!,December 7. 2006,June 8. 2006,182
AG180,May. We Harley Drew'd Ya!,December 11. 2006,June 15. 2006,179
AG181,Thinning the Hoard!,December 12. 2006,June 22. 2006,173
AG182,Channeling the Battle Zone!,December 13. 2006,June 29. 2006,167
AG183,Aipom and Circumstance!,December 14. 2006,July 6. 2006,161
AG184,Strategy Tomorrow - Comedy Tonight!,January 6. 2007,July 20. 2006,170
AG185,Duels of the Jungle!,January 13. 2007,July 27. 2006,170
AG186,Overjoyed!,January 20. 2007,August 3. 2006,170
AG187,The Unbeatable Lightness of Seeing!,January 27. 2007,August 10. 2006,170
AG188,Pinch Healing!,February 3. 2007,August 17. 2006,170
AG189,Gathering the Gang of Four!,February 10. 2007,August 24. 2006,170
AG190,Pace - The Final Frontier!,February 17. 2007,August 31. 2006,170
AG191,Once More With Reeling!,February 24. 2007,September 7. 2006,170
AG192,Home is Where the Start Is!,March 3. 2007,September 14. 2006,170
DP001,Following A Maiden's Voyage!,April 20. 2007,September 28. 2006,204
DP002,Two Degrees of Separation!,April 20. 2007,September 28. 2006,204
DP003,When Pokémon Worlds Collide!,April 20. 2007,September 28. 2006,204
DP004,Dawn Of A New Era!,June 7. 2007,October 5. 2006,245
DP005,Gettin' Twiggy With It!,June 11. 2007,October 19. 2006,235
DP006,Different Strokes for Different Blokes!,June 12. 2007,October 26. 2006,229
DP007,Like It or Lup It!,June 13. 2007,November 2. 2006,223
DP008,Gymbaliar!,June 14. 2007,November 9. 2006,217
DP009,Setting the World on its Buneary!,June 18. 2007,November 16. 2006,214
DP010,Not on MY Watch Ya Don't!,June 19. 2007,November 30. 2006,201
DP011,Mounting a Coordinator Assault!,June 20. 2007,December 7. 2006,195
DP012,Arrival of a Rival!,June 21. 2007,December 14. 2006,189
DP013,A Staravia Is Born!,June 25. 2007,December 21. 2006,186
DP014,Leave It To Brocko!,June 26. 2007,December 21. 2006,187
DP015,Shapes of Things to Come!,June 27. 2007,January 11. 2007,167
DP016,A Gruff Act to Follow!,June 28. 2007,January 18. 2007,161
DP017,Wild in the Streets!,July 2. 2007,January 25. 2007,158
DP018,O'er the Rampardos We Watched!,July 3. 2007,February 1. 2007,152
DP019,Twice Smitten. Once Shy!,July 5. 2007,February 8. 2007,147
DP020,Mutiny in the Bounty!,July 9. 2007,February 22. 2007,137
DP021,Ya See We Want An Evolution!,July 10. 2007,March 1. 2007,131
DP022,Borrowing on Bad Faith!,July 11. 2007,March 8. 2007,125
DP023,Faced With Steelix Determination!,July 12. 2007,March 15. 2007,119
DP024,Cooking up a Sweet Story!,July 16. 2007,March 29. 2007,109
DP025,Oh Do You Know the Poffin Plan!,September 1. 2007,March 29. 2007,156
DP026,Getting the Pre-Contest Titters!,September 1. 2007,April 5. 2007,149
DP027,Settling a Not-So-Old Score!,September 8. 2007,April 5. 2007,156
DP028,Drifloon on the Wind!,September 15. 2007,April 12. 2007,156
DP029,The Champ Twins!,September 22. 2007,April 12. 2007,163
DP030,Some Enchanted Sweetening!,September 29. 2007,April 19. 2007,163
DP031,The Grass-Type Is Always Greener!,October 6. 2007,April 26. 2007,163
DP032,An Angry Combeenation!,October 13. 2007,May 3. 2007,163
DP033,All Dressed Up With Somewhere To Go!,October 20. 2007,May 10. 2007,163
DP034,Buizel Your Way Out Of This!,October 27. 2007,May 17. 2007,163
DP035,An Elite Meet And Greet!,November 3. 2007,May 24. 2007,163
DP036,A Secret Sphere of Influence!,November 10. 2007,May 31. 2007,163
DP037,The Grass Menagerie!,November 17. 2007,June 7. 2007,163
DP038,One Big Happiny Family!,November 24. 2007,June 21. 2007,156
DP039,Steamboat Willies!,December 1. 2007,July 5. 2007,149
DP040,Top-Down Training!,December 8. 2007,July 19. 2007,142
DP041,A Stand-Up Sit-Down!,December 15. 2007,July 26. 2007,142
DP042,The Electrike Company!,December 22. 2007,August 9. 2007,135
DP043,Malice In Wonderland!,December 29. 2007,August 16. 2007,135
DP044,Mass Hip-Po-Sis!,January 5. 2008,August 23. 2007,135
DP045,Ill-Will Hunting!,January 12. 2008,August 30. 2007,135
DP046,A Maze-ing Race!,January 19. 2008,September 13. 2007,128
DP047,Sandshrew's Locker!,January 26. 2008,September 27. 2007,121
DP048,Satoshi and Hikari! Facing a New Adventure!!,Unaired,September 27. 2007,3142
DP049,Dawn's Early Night!,January 26. 2008,October 4. 2007,114
DP050,Tag! We're It...!,February 1. 2008,October 4. 2007,120
DP051,Glory Blaze!,February 1. 2008,October 18. 2007,106
DP052,Smells Like Team Spirit!,February 1. 2008,October 25. 2007,99
DP053,Tears For Fears!,April 12. 2008,November 8. 2007,156
DP054,Once There Were Greenfields,April 19. 2008,November 15. 2007,156
DP055,Throwing the Track Switch,April 26. 2008,November 22. 2007,156
DP056,The Keystone Pops!,May 10. 2008,November 29. 2007,163
DP057,Bibarel Gnaws Best!,May 17. 2008,November 29. 2007,170
DP058,Nosing 'Round the Mountain!,May 24. 2008,December 6. 2007,170
DP059,Luxray Vision!,May 31. 2008,December 13. 2007,170
DP060,Journey to the Unown!,June 7. 2008,December 20. 2007,170
DP061,Team Shocker!,June 14. 2008,December 20. 2007,177
DP062,Tanks for the Memories!,June 21. 2008,January 10. 2008,163
DP063,Hot Springing a Leak!,June 28. 2008,January 17. 2008,163
DP064,Riding the Winds of Change!,July 5. 2008,January 24. 2008,163
DP065,Sleight of Sand!,July 12. 2008,January 31. 2008,163
DP066,Lost Leader Strategy!,July 19. 2008,February 7. 2008,163
DP067,Crossing the Battle Line!,July 26. 2008,February 14. 2008,163
DP068,A Triple Fighting Chance!,August 2. 2008,February 28. 2008,156
DP069,Enter Galactic!,August 9. 2008,March 6. 2008,156
DP070,The Bells Are Singing!,August 16. 2008,March 13. 2008,156
DP071,Pokémon Ranger and the Kidnapped Riolu! (Part 1),November 1. 2008,March 20. 2008,226
DP072,Pokémon Ranger and the Kidnapped Riolu! (Part 2),November 8. 2008,March 20. 2008,233
DP073,Crossing Paths,August 23. 2008,April 3. 2008,142
DP074,Pika and Goliath!,August 30. 2008,April 3. 2008,149
DP075,Our Cup Runneth Over!,September 6. 2008,April 17. 2008,142
DP076,A Full Course Tag Battle!,September 13. 2008,April 24. 2008,142
DP077,Staging A Heroes' Welcome!,September 20. 2008,May 8. 2008,135
DP078,Pruning a Passel of Pals!!,September 27. 2008,May 8. 2008,142
DP079,Strategy With a Smile!,October 11. 2008,May 15. 2008,149
DP080,The Thief That Keeps on Thieving!,October 18. 2008,May 22. 2008,149
DP081,Chim - Charred!,October 25. 2008,May 29. 2008,149
DP082,Cream of the Croagunk Crop!,November 15. 2008,June 5. 2008,163
DP083,A Crasher Course in Power!,November 22. 2008,June 19. 2008,156
DP084,Hungry For the Good Life!,December 6. 2008,July 3. 2008,156
DP085,Fighting Fear with Fear!!,December 13. 2008,July 3. 2008,163
DP086,Arriving in Style!,December 20. 2008,July 10. 2008,163
DP087,The Psyduck Stops Here!,December 27. 2008,July 24. 2008,156
DP088,Camping It Up!,January 3. 2009,August 7. 2008,149
DP089,Up Close and Personable!,January 10. 2009,August 14. 2008,149
DP090,Ghoul Daze!,January 17. 2009,August 21. 2008,149
DP091,One Team. Two Team. Red Team. Blue Team!,January 24. 2009,August 28. 2008,149
DP092,A Lean Mean Team Rocket Machine!,January 31. 2009,September 4. 2008,149
DP093,Playing The Leveling Field!,February 7. 2009,September 11. 2008,149
DP094,Doc Brock!,February 14. 2009,September 25. 2008,142
DP095,Battling The Generation Gap!,February 21. 2009,September 25. 2008,149
DP096,Losing Its Lustrous!,February 28. 2009,October 2. 2008,149
DP097,Double Team Turnover!,March 7. 2009,October 2. 2008,156
DP098,If the Scarf Fits. Wear It!,March 21. 2009,October 16. 2008,156
DP099,A Trainer and Child Reunion!,March 28. 2009,October 23. 2008,156
DP100,Aiding the Enemy!,April 4. 2009,October 30. 2008,156
DP101,Barry's Busting Out All Over!,April 11. 2009,November 6. 2008,156
DP102,Shield with a Twist!,April 18. 2009,November 13. 2008,156
DP103,Jumping Rocket Ship!,April 25. 2009,November 20. 2008,156
DP104,Sleepless In Pre-Battle!,May 2. 2009,December 4. 2008,149
DP105,Get Your Rotom Running!,May 9. 2009,December 4. 2008,156
DP106,A Breed Stampede!,May 16. 2009,December 11. 2008,156
DP107,Ancient Family Matters!,May 23. 2009,December 18. 2008,156
DP108,Dealing with Defensive Types!,May 30. 2009,December 25. 2008,156
DP109,Leading a Stray!,June 6. 2009,January 8. 2009,149
DP110,Steeling Peace of Mind!,June 13. 2009,January 15. 2009,149
DP111,Saving the World from Ruins!,June 20. 2009,January 22. 2009,149
DP112,Cheers on Castaways Isle!,June 27. 2009,January 29. 2009,149
DP113,Hold the Phione!,July 4. 2009,February 5. 2009,149
DP114,Another One Gabites the Dust!,July 11. 2009,February 12. 2009,149
DP115,Stealing the Conversation!,July 18. 2009,February 19. 2009,149
DP116,The Drifting Snorunt!,July 25. 2009,February 26. 2009,149
DP117,Noodles! Roamin' Off!,August 1. 2009,March 5. 2009,149
DP118,Pursuing a Lofty Goal!,August 8. 2009,March 12. 2009,149
DP119,Trials and Adulations!,August 15. 2009,March 26. 2009,142
DP120,The Mysterious Creatures. Pocket Monsters!,Unaired,March 26. 2009,2596
DP121,The Lonely Snover!,August 22. 2009,April 2. 2009,142
DP122,Stopped in the Name of Love!,August 29. 2009,April 2. 2009,149
DP123,Old Rivals. New Tricks!,September 5. 2009,April 16. 2009,142
DP124,To Thine Own Pokémon Be True!,September 12. 2009,April 23. 2009,142
DP125,Battling a Cute Drama!,September 26. 2009,April 30. 2009,149
DP126,Classroom Training!,October 3. 2009,May 7. 2009,149
DP127,Sliding Into Seventh!,October 10. 2009,May 14. 2009,149
DP128,A Pyramiding Rage!,October 17. 2009,May 21. 2009,149
DP129,Pillars of Friendship!,October 24. 2009,May 28. 2009,149
DP130,Frozen on Their Tracks!,October 31. 2009,June 4. 2009,149
DP131,Pedal to the Mettle!,November 7. 2009,June 11. 2009,149
DP132,Evolving Strategies!,November 14. 2009,June 18. 2009,149
DP133,Uncrushing Defeat!,November 21. 2009,June 25. 2009,149
DP134,Promoting Healthy Tangrowth!,December 5. 2009,July 2. 2009,156
DP135,Beating the Bustle and Hustle!,December 12. 2009,July 9. 2009,156
DP136,Gateway to Ruin!,December 19. 2009,July 23. 2009,149
DP137,Three Sides to Every Story!,December 26. 2009,August 6. 2009,142
DP138,Strategy Begins at Home!,January 2. 2010,August 13. 2009,142
DP139,A Faux Oak Finish!,January 9. 2010,August 20. 2009,142
DP140,Historical Mystery Tour!,January 16. 2010,August 27. 2009,142
DP141,Challenging a Towering Figure!,January 23. 2010,September 3. 2009,142
DP142,Where No Togepi Has Gone Before!,January 30. 2010,September 10. 2009,142
DP143,An Egg Scramble!,February 6. 2010,September 17. 2009,142
DP144,Gone With the Windworks!,February 13. 2010,September 17. 2009,149
DP145,A Rivalry to Gible On!,February 20. 2010,October 1. 2009,142
DP146,Dressed for Jess Success!,February 27. 2010,October 1. 2009,149
DP147,Bagged Then Tagged!,March 6. 2010,October 15. 2009,142
DP148,Try for the Family Stone!,March 13. 2010,October 22. 2009,142
DP149,Sticking With Who You Know!,March 20. 2010,October 29. 2009,142
DP150,Unlocking the Red Chain of Events!,March 27. 2010,November 5. 2009,142
DP151,The Needs of the Three!,April 3. 2010,November 12. 2009,142
DP152,The Battle Finale of Legend!,April 10. 2010,November 12. 2009,149
DP153,The Treasure Is All Mine!,April 17. 2010,November 26. 2009,142
DP154,Mastering Current Events!,April 24. 2010,December 3. 2009,142
DP155,Double-Time Battle Training!,May 1. 2010,December 10. 2009,142
DP156,A Meteoric Rise to Excellence!,May 8. 2010,December 17. 2009,142
DP157,Gotta Get a Gible!,May 15. 2010,December 24. 2009,142
DP158,Regaining the Home Advantage!,June 5. 2010,January 7. 2010,149
DP159,Short and To the Punch!,June 12. 2010,January 14. 2010,149
DP160,A Marathon Rivalry!,June 19. 2010,January 21. 2010,149
DP161,Yes in Dee Dee. It's Dawn!,June 26. 2010,January 28. 2010,149
DP162,Playing the Performance Encore!,July 3. 2010,February 4. 2010,149
DP163,Fighting Ire with Fire!,July 10. 2010,February 11. 2010,149
DP164,Piplup. Up and Away!,July 17. 2010,February 18. 2010,149
DP165,Flint Sparks the Fire!,July 24. 2010,February 25. 2010,149
DP166,The Fleeing Tower of Sunyshore!,July 31. 2010,March 4. 2010,149
DP167,Teaching the Student Teacher!,August 7. 2010,March 11. 2010,149
DP168,Keeping In Top Forme!,August 14. 2010,March 18. 2010,149
DP169,Pokémon Ranger: Heatran Rescue!,October 16. 2010,March 18. 2010,212
DP170,An Elite Coverup!,August 21. 2010,April 1. 2010,142
DP171,Dawn of a Royal Day!,August 28. 2010,April 1. 2010,149
DP172,With the Easiest of Grace!,September 4. 2010,April 15. 2010,142
DP173,Dealing With a Fierce Double Ditto Drama!,September 11. 2010,April 22. 2010,142
DP174,Last Call — First Round!,September 18. 2010,April 29. 2010,142
DP175,Opposites Interact!,September 25. 2010,May 6. 2010,142
DP176,Coming Full Festival Circle!,October 2. 2010,May 13. 2010,142
DP177,A Grand Fight for Winning!,October 9. 2010,May 20. 2010,142
DP178,For The Love Of Meowth!,October 23. 2010,May 27. 2010,149
DP179,The Eighth Wonder of the Sinnoh World!,October 30. 2010,June 3. 2010,149
DP180,Four Roads Diverged in a Pokémon Port!,November 6. 2010,June 10. 2010,149
DP181,Bucking the Treasure Trend!,November 13. 2010,June 17. 2010,149
DP182,An Old Family Blend!,November 20. 2010,June 24. 2010,149
DP183,League Unleashed!,November 27. 2010,July 1. 2010,149
DP184,Casting a Paul on Barry!,December 4. 2010,July 15. 2010,142
DP185,Working on a Right Move!,December 11. 2010,July 22. 2010,142
DP186,Familiarity Breeds Strategy!,December 18. 2010,August 5. 2010,135
DP187,A Real Rival Rouser!,January 8. 2011,August 12. 2010,149
DP188,Battling a Thaw in Relations!,January 15. 2011,August 19. 2010,149
DP189,The Semi-Final Frontier!,January 22. 2011,August 26. 2010,149
DP190,The Brockster Is In!,January 29. 2011,September 2. 2010,149
DP191,Memories are Made of Bliss!,February 5. 2011,September 9. 2010,149
BW001,In the Shadow of Zekrom!,February 12. 2011,September 23. 2010,142
BW002,Enter Iris and Axew!,February 12. 2011,September 23. 2010,142
BW003,A Sandile Gusher of Change!,February 19. 2011,September 30. 2010,142
BW004,The Battle Club and Tepig's Choice!,February 26. 2011,October 7. 2010,142
BW005,Triple Leaders. Team Threats!,March 5. 2011,October 14. 2010,142
BW006,Dreams by the Yard Full!,March 12. 2011,October 21. 2010,142
BW007,Snivy Plays Hard to Catch!,March 19. 2011,October 28. 2010,142
BW008,Saving Darmanitan From the Bell!,March 26. 2011,November 4. 2010,142
BW009,The Bloom Is on Axew!,April 2. 2011,November 11. 2010,142
BW010,A Rival Battle for Club Champ!,April 9. 2011,November 18. 2010,142
BW011,A Home for Dwebble!,April 16. 2011,December 2. 2010,135
BW012,Here Comes the Trubbish Squad!,April 23. 2011,December 9. 2010,135
BW013,Minccino—Neat and Tidy!,April 30. 2011,December 16. 2010,135
BW014,A Night in the Nacrene City Museum!,May 7. 2011,December 23. 2010,135
BW015,The Battle According to Lenora!,May 14. 2011,January 6. 2011,128
BW016,Rematch at the Nacrene Gym!,May 21. 2011,January 13. 2011,128
BW017,Scraggy—Hatched to be Wild!,May 28. 2011,January 20. 2011,128
BW018,Sewaddle and Burgh in Pinwheel Forest!,June 4. 2011,January 27. 2011,128
BW019,A Connoisseur's Revenge!,June 11. 2011,February 17. 2011,114
BW020,Dancing With the Ducklett Trio!,June 18. 2011,February 24. 2011,114
BW021,The Lost World of Gothitelle!,June 25. 2011,March 3. 2011,114
BW022,A Venipede Stampede!,July 2. 2011,March 10. 2011,114
BW024,Emolga the Irresistible!,July 16. 2011,March 24. 2011,114
BW025,Emolga and the New Volt Switch!,July 23. 2011,March 31. 2011,114
BW026,Scare at the Litwick Mansion!,July 30. 2011,April 7. 2011,114
BW027,The Dragon Master's Path!,August 6. 2011,April 14. 2011,114
BW028,Oshawott's Lost Scalchop!,August 13. 2011,April 21. 2011,114
BW029,Cottonee in Love!,August 20. 2011,April 28. 2011,114
BW030,A UFO for Elgyem!,August 27. 2011,May 5. 2011,114
BW031,Ash and Trip's Third Battle!,September 3. 2011,May 12. 2011,114
BW032,Facing Fear with Eyes Wide Open!,September 10. 2011,May 19. 2011,114
BW033,Iris and Excadrill Against the Dragon Buster!,September 17. 2011,May 26. 2011,114
BW034,Gotta Catch A Roggenrola!,September 24. 2011,June 2. 2011,114
BW035,Where Did You Go. Audino?,October 1. 2011,June 9. 2011,114
BW036,Archeops In The Modern World!,October 8. 2011,June 16. 2011,114
BW037,A Fishing Connoisseur in a Fishy Competition!,October 15. 2011,June 23. 2011,114
BW038,Movie Time! Zorua in "The Legend of the Pokémon Knight"!,October 22. 2011,June 30. 2011,114
BW039,Reunion Battles In Nimbasa!,October 29. 2011,July 7. 2011,114
BW040,Cilan Versus Trip. Ash Versus Georgia!,November 5. 2011,July 21. 2011,107
BW041,The Club Battle Hearts of Fury: Emolga Versus Sawk!,November 12. 2011,August 4. 2011,100
BW042,Club Battle Finale: A Hero's Outcome!,November 19. 2011,August 11. 2011,100
BW043,Meowth's Scrafty Tactics!,November 26. 2011,August 18. 2011,100
BW044,Purrloin: Sweet or Sneaky?,December 3. 2011,August 25. 2011,100
BW045,Beheeyem. Duosion. and the Dream Thief!,December 10. 2011,September 1. 2011,100
BW046,The Beartic Mountain Feud!,December 17. 2011,September 8. 2011,100
BW047,Crisis From the Underground Up!,December 31. 2011,September 15. 2011,107
BW048,Battle for the Underground!,January 7. 2012,September 15. 2011,114
BW049,Enter Elesa. Electrifying Gym Leader!,February 18. 2012,September 22. 2011,149
BW050,Dazzling the Nimbasa Gym!,February 25. 2012,September 29. 2011,149
BW051,Lost at the Stamp Rally!,March 3. 2012,October 6. 2011,149
BW052,Ash Versus the Champion!,March 10. 2012,October 13. 2011,149
BW053,A Maractus Musical!,March 17. 2012,October 27. 2011,142
BW054,The Four Seasons of Sawsbuck!,March 24. 2012,November 3. 2011,142
BW055,Scraggy and the Demanding Gothita!,March 31. 2012,November 10. 2011,142
BW056,The Lonely Deino!,April 7. 2012,November 24. 2011,135
BW057,The Mighty Accelguard to the Rescue!,April 14. 2012,December 1. 2011,135
BW058,A Call for Brotherly Love!,April 21. 2012,December 8. 2011,135
BW059,Stopping the Rage of Legends! Part 1,April 28. 2012,December 15. 2011,135
BW060,Stopping the Rage of Legends! Part 2,May 5. 2012,December 22. 2011,135
BW061,Battling the King of the Mines!,May 12. 2012,January 5. 2012,128
BW062,Crisis at Chargestone Cave!,May 19. 2012,January 12. 2012,128
BW063,Evolution Exchange Excitement!,May 26. 2012,January 19. 2012,128
BW064,Explorers of the Hero's Ruin!,June 2. 2012,January 26. 2012,128
BW065,Battling the Bully!,June 9. 2012,February 2. 2012,128
BW066,Baffling the Bouffalant!,June 16. 2012,February 16. 2012,121
BW067,Cilan Takes Flight!,June 23. 2012,February 23. 2012,121
BW068,An Amazing Aerial Battle!,June 30. 2012,March 1. 2012,121
BW069,Climbing the Tower of Success!,July 7. 2012,March 8. 2012,121
BW070,The Clubsplosion Begins!,July 14. 2012,March 15. 2012,121
BW071,Search for the Clubultimate!,July 21. 2012,March 22. 2012,121
BW072,A Clubsplosion of Excitement!,July 28. 2012,March 29. 2012,121
BW073,Commanding the Clubsplosion Crown!,August 4. 2012,April 5. 2012,121
BW074,Battling the Leaf Thieves!,August 11. 2012,April 12. 2012,121
BW075,A Restoration Confrontation! Part 1,August 18. 2012,April 19. 2012,121
BW076,A Restoration Confrontation! Part 2,August 25. 2012,April 26. 2012,121
BW077,Evolution by Fire!,September 1. 2012,May 3. 2012,121
BW078,Guarding the Guardian of the Mountain!,September 8. 2012,May 10. 2012,121
BW079,Caution: Icy Battle Conditions!,September 15. 2012,May 17. 2012,121
BW080,Clash of the Connoisseurs!,September 22. 2012,May 24. 2012,121
BW081,Crisis at Ferroseed Research!,September 29. 2012,May 31. 2012,121
BW082,An Epic Defense Force!,October 6. 2012,June 7. 2012,121
BW083,Rocking the Virbank Gym! Part 1,October 13. 2012,June 14. 2012,121
BW084,Rocking the Virbank Gym! Part 2,October 20. 2012,June 14. 2012,128
BW085,All for the Love of Meloetta!,October 27. 2012,June 21. 2012,128
BW086,Piplup. Pansage. and a Meeting of the Times!,November 3. 2012,June 28. 2012,128
BW087,Expedition to Onix Island!,November 10. 2012,July 5. 2012,128
BW088,The Mystery of the Missing Cubchoo!,November 17. 2012,July 19. 2012,121
BW089,Iris and the Rogue Dragonite!,November 24. 2012,July 26. 2012,121
BW090,Jostling for the Junior Cup!,December 1. 2012,August 2. 2012,121
BW091,Battling Authority Once Again!,December 8. 2012,August 23. 2012,107
BW092,Ash. Iris and Trip: Then There Were Three!,December 15. 2012,August 30. 2012,107
BW093,Goodbye. Junior Cup - Hello Adventure!,December 22. 2012,September 6. 2012,107
BW094,The Road to Humilau!,January 5. 2013,September 13. 2012,114
BW095,Unrest at the Nursery!,January 12. 2013,September 20. 2012,114
BW096,Meloetta and the Undersea Temple!,January 19. 2013,September 27. 2012,114
BW097,Unova's Survival Crisis!,January 26. 2013,October 4. 2012,114
BW098,Beauties Battling for Pride and Prestige!,February 2. 2013,October 11. 2012,114
BW099,A Surface to Air Tag Battle Team!,February 9. 2013,October 18. 2012,114
BW100,A Village Homecoming!,February 16. 2013,October 25. 2012,114
BW101,Drayden Versus Iris: Past. Present. and Future!,February 23. 2013,November 8. 2012,107
BW102,Team Eevee and the Pokémon Rescue Squad!,March 2. 2013,November 15. 2012,107
BW103,Curtain Up. Unova League!,March 9. 2013,November 22. 2012,107
BW104,Mission: Defeat Your Rival!,March 16. 2013,November 29. 2012,107
BW105,Lost at the League!,March 23. 2013,December 6. 2012,107
BW106,Strong Strategy Steals the Show!,March 30. 2013,December 13. 2012,107
BW107,Cameron's Secret Weapon!,April 6. 2013,December 20. 2012,107
BW108,A Unova League Evolution!,April 13. 2013,January 10. 2013,93
BW109,New Places... Familiar Faces!,April 20. 2013,January 17. 2013,93
BW110,The Name's N!,April 27. 2013,January 24. 2013,93
BW111,There's a New Gym Leader in Town!,May 4. 2013,January 31. 2013,93
BW112,Team Plasma's Pokémon Power Plot!,May 11. 2013,February 7. 2013,93
BW113,The Light of Floccesy Ranch!,May 18. 2013,February 14. 2013,93
BW114,Saving Braviary!,May 25. 2013,February 21. 2013,93
BW115,The Pokémon Harbor Patrol!,June 1. 2013,February 28. 2013,93
BW116,The Fires of a Red-Hot Reunion!,June 8. 2013,March 7. 2013,93
BW117,Team Plasma's Pokémon Manipulation!,June 15. 2013,March 14. 2013,93
BW118,Secrets From Out of the Fog!,June 22. 2013,March 21. 2013,93
BW119,Meowth. Colress and Team Rivalry!,June 29. 2013,March 28. 2013,93
BW120,Ash and N: A Clash of Ideals!,July 6. 2013,April 4. 2013,93
BW121,Team Plasma and the Awakening Ceremony!,July 13. 2013,April 11. 2013,93
BW122,What Lies Beyond Truth and Ideals!,July 20. 2013,April 18. 2013,93
BW123,Farewell. Unova! Setting Sail for New Adventures!,July 27. 2013,April 25. 2013,93
BW124,Danger. Sweet as Honey!,August 3. 2013,May 2. 2013,93
BW125,Cilan and the Case of the Purrloin Witness!,August 10. 2013,May 9. 2013,93
BW126,Crowning the Scalchop King!,August 17. 2013,May 16. 2013,93
BW127,The Island of Illusions!,August 24. 2013,May 23. 2013,93
BW128,To Catch a Rotom!,August 31. 2013,May 30. 2013,93
BW129,The Pirates of Decolore!,September 7. 2013,June 6. 2013,93
BW130,Butterfree and Me!,September 14. 2013,June 13. 2013,93
BW131,The Path That Leads to Goodbye!,September 21. 2013,June 20. 2013,93
BW132,Searching for a Wish!,September 28. 2013,June 27. 2013,93
BW133,Capacia Island UFO!,October 5. 2013,July 4. 2013,93
BW134,The Journalist from Another Region!,October 12. 2013,July 18. 2013,86
BW135,Mystery on a Deserted Island!,October 19. 2013,July 25. 2013,86
BW136,A Pokémon of a Different Color!,October 26. 2013,August 1. 2013,86
BW137,Celebrating the Hero's Comet!,November 2. 2013,August 15. 2013,79
BW138,Go. Go Gogoat!,November 9. 2013,August 22. 2013,79
BW139,Team Rocket's Shocking Recruit!,November 16. 2013,September 5. 2013,72
BW140,Survival of the Striaton Gym!,November 23. 2013,September 12. 2013,72
BW141,Best Wishes Until We Meet Again!,November 30. 2013,September 19. 2013,72
BW142,The Dream Continues!,December 7. 2013,September 26. 2013,72
XY001,Kalos. Where Dreams and Adventures Begin!,October 19. 2013,October 17. 2013,2
XY002,Lumiose City Pursuit!,October 19. 2013,October 17. 2013,2
XY003,A Battle of Aerial Mobility!,February 1. 2014,October 24. 2013,100
XY004,A Shockingly Cheeky Friendship!,February 8. 2014,October 31. 2013,100
XY005,A Blustery Santalune Gym Battle!,February 15. 2014,November 7. 2013,100
XY006,Battling on Thin Ice!,February 22. 2014,November 14. 2013,100
XY007,Giving Chase at the Rhyhorn Race!,March 1. 2014,November 21. 2013,100
XY008,Grooming Furfrou!,March 8. 2014,November 28. 2013,100
XY009,Clemont's Got a Secret!,March 15. 2014,December 5. 2013,100
XY010,Mega-Mega Meowth Madness!,March 22. 2014,December 12. 2013,100
XY011,The Bamboozling Forest!,March 29. 2014,December 19. 2013,100
XY012,To Catch a Pokémon Smuggler!,April 5. 2014,January 9. 2014,86
XY013,Kindergarten Chaos!,April 12. 2014,January 16. 2014,86
XY014,Seeking Shelter from the Storm!,April 19. 2014,January 30. 2014,79
XY015,An Appetite for Battle!,April 26. 2014,February 6. 2014,79
XY016,A Jolting Switcheroo!,May 3. 2014,February 13. 2014,79
XY017,A Rush of Ninja Wisdom!,May 10. 2014,February 20. 2014,79
XY018,Awakening the Sleeping Giant!,May 17. 2014,February 27. 2014,79
XY019,A Conspiracy to Conquer!,May 24. 2014,March 13. 2014,72
XY020,Breaking Titles at the Chateau!,June 7. 2014,March 20. 2014,79
XY021,A Pokévision of Things to Come!,June 14. 2014,March 27. 2014,79
XY022,Going for the Gold!,June 21. 2014,April 10. 2014,72
XY023,Coming Back into the Cold!,June 28. 2014,April 17. 2014,72
XY024,An Undersea Place to Call Home!,February 7. 2015,November 20. 2014,79
XY025,Climbing the Walls!,July 5. 2014,April 24. 2014,72
XY026,A Battle by Any Other Name!,July 12. 2014,May 8. 2014,65
XY027,To Find a Fairy Flower!,July 19. 2014,May 15. 2014,65
XY028,The Bonds of Evolution!,July 26. 2014,May 22. 2014,65
XY029,Heroes - Friends and Faux Alike!,August 2. 2014,May 29. 2014,65
XY030,Mega Revelations!,August 9. 2014,May 29. 2014,72
XY031,The Cave of Trials!,August 16. 2014,June 5. 2014,72
XY032,The Aura Storm!,August 23. 2014,June 12. 2014,72
XY033,Calling from Beyond the Aura!,August 30. 2014,June 19. 2014,72
XY034,The Bonds of Mega Evolution!,September 6. 2014,July 3. 2014,65
XY035,The Forest Champion!,September 13. 2014,July 10. 2014,65
XY036,Battles in the Sky!,September 20. 2014,July 24. 2014,58
XY037,The Cave of Mirrors!,September 27. 2014,July 31. 2014,58
XY038,Forging Forest Friendships!,October 4. 2014,August 7. 2014,58
XY039,Summer of Discovery!,October 11. 2014,August 14. 2014,58
XY040,Day Three Blockbusters!,October 18. 2014,August 21. 2014,58
XY041,Foggy Pokémon Orienteering!,October 25. 2014,August 28. 2014,58
XY042,Battling into the Hall of Fame!,November 1. 2014,September 4. 2014,58
XY043,Origins of Mega Evolution!,November 8. 2014,September 18. 2014,51
XY044,Showdown at the Shalour Gym!,November 15. 2014,September 25. 2014,51
XY045,Splitting Heirs!,November 22. 2014,October 2. 2014,51
XY046,The Clumsy Crier Quiets the Chaos!,November 29. 2014,October 9. 2014,51
XY047,Dreaming a Performer's Dream!,December 6. 2014,October 16. 2014,51
XY048,A Campus Reunion!,December 13. 2014,October 23. 2014,51
XY049,Bonnie for the Defense!,December 20. 2014,October 30. 2014,51
XY050,Pathways to Performance Partnering!,February 7. 2015,November 13. 2014,86
XY051,When Light and Dark Collide!,February 7. 2015,November 27. 2014,72
XY052,A Stealthy Challenge!,February 28. 2015,December 11. 2014,79
XY053,A Race for Home!,March 7. 2015,December 18. 2014,79
XY054,Facing the Grand Design!,March 14. 2015,December 25. 2014,79
XY055,A Slippery Encounter!,March 21. 2015,January 8. 2015,72
XY056,One for the Goomy!,March 28. 2015,January 15. 2015,72
XY057,Thawing an Icy Panic!,April 4. 2015,January 22. 2015,72
XY058,The Green. Green Grass Types of Home!,April 11. 2015,January 29. 2015,72
XY059,Under the Pledging Tree!,April 18. 2015,February 5. 2015,72
XY060,A Showcase Debut!,April 25. 2015,February 12. 2015,72
XY061,An Oasis of Hope!,May 2. 2015,February 19. 2015,72
XY062,The Future Is Now. Thanks to Determination!,May 9. 2015,February 26. 2015,72
XY063,A Fork in the Road! A Parting of the Ways!,May 16. 2015,March 5. 2015,72
XY064,Battling with Elegance and a Big Smile!,May 23. 2015,March 12. 2015,72
XY065,Good Friends. Great Training!,May 30. 2015,March 26. 2015,65
XY066,Confronting the Darkness!,June 6. 2015,April 2. 2015,65
XY067,The Moment of Lumiose Truth!,June 13. 2015,April 9. 2015,65
XY068,Garchomp's Mega Bond!,June 20. 2015,April 16. 2015,65
XY069,Defending the Homeland!,June 27. 2015,April 23. 2015,65
XY070,Beyond the Rainbow!,July 4. 2015,April 30. 2015,65
XY071,So You're Having a Bad Day!,July 11. 2015,May 7. 2015,65
XY072,Scary Hospitality!,July 18. 2015,May 14. 2015,65
XY073,A Fashionable Battle!,July 25. 2015,May 21. 2015,65
XY074,Fairy-Type Trickery!,August 1. 2015,May 28. 2015,65
XY075,Rivals: Today and Tomorrow!,August 8. 2015,June 4. 2015,65
XY076,A Not-So-Flying Start!,August 22. 2015,June 11. 2015,72
XY077,A Relay in the Sky!,August 29. 2015,June 18. 2015,72
XY078,A Frenzied Factory Fiasco!,September 5. 2015,June 25. 2015,72
XY079,Performing with Fiery Charm!,September 12. 2015,July 2. 2015,72
XY080,Rotom's Wish!,September 19. 2015,July 9. 2015,72
XY081,A Festival Trade! A Festival Farewell?,September 26. 2015,July 23. 2015,65
XY082,Over the Mountain of Snow!,October 3. 2015,July 30. 2015,65
XY083,Adventures in Running Errands!,October 10. 2015,August 13. 2015,58
XY084,Mending a Broken Spirit!,October 17. 2015,August 20. 2015,58
XY085,A Legendary Photo Op!,October 24. 2015,August 27. 2015,58
XY086,The Tiny Caretaker!,October 31. 2015,September 10. 2015,51
XY087,A Trip Down Memory Train!,November 7. 2015,September 17. 2015,51
XY088,A Frolicking Find in the Flowers!,November 14. 2015,September 24. 2015,51
XY089,Tag Team Battle Inspiration!,November 28. 2015,October 1. 2015,58
XY090,A Performance Pop Quiz!,December 5. 2015,October 8. 2015,58
XY091,Cloudy Fate. Bright Future!,December 12. 2015,October 15. 2015,58
XY092,All Eyes on the Future!,December 19. 2015,October 22. 2015,58
XY093,From A to Z!,February 20. 2016,October 29. 2015,114
XY094,Love Strikes! Eevee. Yikes!,February 27. 2016,November 5. 2015,114
XY095,A Giga Battle with Mega Results!,March 5. 2016,November 12. 2015,114
XY096,A Fiery Rite of Passage!,March 12. 2016,November 19. 2015,114
XY097,Dream a Little Dream from Me!,March 19. 2016,November 26. 2015,114
XY098,The Legend of the Ninja Hero!,March 26. 2016,December 3. 2015,114
XY099,A Festival of Decisions!,April 2. 2016,December 10. 2015,114
XY100,A Dancing Debut!,April 9. 2016,December 17. 2015,114
XY101,Meeting at Terminus Cave!,April 16. 2016,December 24. 2015,114
XY102,A Cellular Connection!,April 23. 2016,January 14. 2016,100
XY103,A Windswept Encounter!,April 30. 2016,January 21. 2016,100
XY104,Party Dancecapades!,May 7. 2016,January 28. 2016,100
XY105,A Meeting of Two Journeys!,May 14. 2016,February 4. 2016,100
XY106,An Explosive Operation!,May 21. 2016,February 11. 2016,100
